[
    {
        "model": "healthapp.hospital",
        "pk": 1,
        "fields": {
            "name": "St George",
            "address": "Blackshaw Rd, London SW17 0QT"
        }
    },
    {
        "model": "healthapp.department",
        "pk": 1,
        "fields": {
            "name": "Smith-Pratt",
            "hospital": 1
        }
    },
    {
        "model": "healthapp.department",
        "pk": 2,
        "fields": {
            "name": "Dixon PLC",
            "hospital": 1
        }
    },
    {
        "model": "healthapp.department",
        "pk": 3,
        "fields": {
            "name": "Carlson, Perkins and Jones",
            "hospital": 1
        }
    },
    {
        "model": "healthapp.department",
        "pk": 4,
        "fields": {
            "name": "Price Inc",
            "hospital": 1
        }
    },
    {
        "model": "healthapp.department",
        "pk": 5,
        "fields": {
            "name": "Wilson and Sons",
            "hospital": 1
        }
    },
    {
        "model": "healthapp.procedure",
        "pk": 1,
        "fields": {
            "name": "Clothing/textile technologist"
        }
    },
    {
        "model": "healthapp.procedure",
        "pk": 2,
        "fields": {
            "name": "Garment/textile technologist"
        }
    },
    {
        "model": "healthapp.procedure",
        "pk": 3,
        "fields": {
            "name": "Administrator, sports"
        }
    },
    {
        "model": "healthapp.procedure",
        "pk": 4,
        "fields": {
            "name": "Surveyor, land/geomatics"
        }
    },
    {
        "model": "healthapp.procedure",
        "pk": 5,
        "fields": {
            "name": "Physiological scientist"
        }
    },
    {
        "model": "healthapp.clinician",
        "pk": 1,
        "fields": {
            "name": "Emily Cherry",
            "department": 1,
            "uuid": "4963c861-855e-4c90-b9d8-c25f460b4420",
            "procedure": 1
        }
    },
    {
        "model": "healthapp.clinician",
        "pk": 2,
        "fields": {
            "name": "April Norman",
            "department": 1,
            "uuid": "a7135c91-0415-4d23-887a-9fb9eb35333c",
            "procedure": 1
        }
    },
    {
        "model": "healthapp.clinician",
        "pk": 3,
        "fields": {
            "name": "Jorge Pope",
            "department": 1,
            "uuid": "b40b1713-8a49-49a2-9983-18da3b6f72df",
            "procedure": 1
        }
    },
    {
        "model": "healthapp.clinician",
        "pk": 4,
        "fields": {
            "name": "Melissa Walton",
            "department": 1,
            "uuid": "fad87bc1-f7a1-4be7-ab53-a9f3a9c2eaaa",
            "procedure": 1
        }
    },
    {
        "model": "healthapp.clinician",
        "pk": 5,
        "fields": {
            "name": "Isaac Edwards",
            "department": 1,
            "uuid": "933634ce-04f5-4179-8863-93e6c2f84ce0",
            "procedure": 1
        }
    },
    {
        "model": "healthapp.clinician",
        "pk": 6,
        "fields": {
            "name": "Christopher Perez",
            "department": 2,
            "uuid": "2910cc36-643f-46ee-8ce1-4e8ba3b0677b",
            "procedure": 2
        }
    },
    {
        "model": "healthapp.clinician",
        "pk": 7,
        "fields": {
            "name": "Anthony Foster",
            "department": 2,
            "uuid": "06b7c912-41ad-4b81-8fc5-ad283e0fc7ce",
            "procedure": 2
        }
    },
    {
        "model": "healthapp.clinician",
        "pk": 8,
        "fields": {
            "name": "Rickey Diaz",
            "department": 2,
            "uuid": "836f4eb8-0f7d-4447-bca7-479375f365dd",
            "procedure": 2
        }
    },
    {
        "model": "healthapp.clinician",
        "pk": 9,
        "fields": {
            "name": "Christine Shaffer",
            "department": 2,
            "uuid": "1fa365f5-0656-46a6-9a87-c01d9e4e8d39",
            "procedure": 2
        }
    },
    {
        "model": "healthapp.clinician",
        "pk": 10,
        "fields": {
            "name": "Elizabeth Santos",
            "department": 2,
            "uuid": "c9761df9-7537-44a5-93b9-2d5fd13b1b82",
            "procedure": 2
        }
    },
    {
        "model": "healthapp.clinician",
        "pk": 11,
        "fields": {
            "name": "Mr. Ryan Garcia MD",
            "department": 3,
            "uuid": "c7e75fa2-2890-4217-a6e6-e3563d4e4184",
            "procedure": 3
        }
    },
    {
        "model": "healthapp.clinician",
        "pk": 12,
        "fields": {
            "name": "Kimberly Martinez",
            "department": 3,
            "uuid": "6d64de4e-2935-4979-9d50-347654306c05",
            "procedure": 3
        }
    },
    {
        "model": "healthapp.clinician",
        "pk": 13,
        "fields": {
            "name": "Diamond Soto",
            "department": 3,
            "uuid": "38da953f-63ed-4104-b6fa-a4250107a22d",
            "procedure": 3
        }
    },
    {
        "model": "healthapp.clinician",
        "pk": 14,
        "fields": {
            "name": "Meghan Moore",
            "department": 3,
            "uuid": "a3e6593d-a30f-40af-9b3b-8c986abd0d0b",
            "procedure": 3
        }
    },
    {
        "model": "healthapp.clinician",
        "pk": 15,
        "fields": {
            "name": "Jennifer Taylor",
            "department": 3,
            "uuid": "9456be30-04be-4f0f-9983-27af109cfe0c",
            "procedure": 3
        }
    },
    {
        "model": "healthapp.clinician",
        "pk": 16,
        "fields": {
            "name": "Kayla Nelson",
            "department": 4,
            "uuid": "66709e64-7076-4a57-a0af-a1da0605afcc",
            "procedure": 4
        }
    },
    {
        "model": "healthapp.clinician",
        "pk": 17,
        "fields": {
            "name": "Thomas White",
            "department": 4,
            "uuid": "328eb575-d43e-4a83-95e8-1dc0be7a42ba",
            "procedure": 4
        }
    },
    {
        "model": "healthapp.clinician",
        "pk": 18,
        "fields": {
            "name": "Christopher Todd",
            "department": 4,
            "uuid": "04709ea8-6494-40d3-b2a9-8e50b82b09c7",
            "procedure": 4
        }
    },
    {
        "model": "healthapp.clinician",
        "pk": 19,
        "fields": {
            "name": "Angela Young PhD",
            "department": 4,
            "uuid": "1efb8bed-d411-4a41-8779-25c9ef7a2394",
            "procedure": 4
        }
    },
    {
        "model": "healthapp.clinician",
        "pk": 20,
        "fields": {
            "name": "Jessica Douglas",
            "department": 4,
            "uuid": "b41f800c-38dd-4395-aeb5-c8d004d43ca7",
            "procedure": 4
        }
    },
    {
        "model": "healthapp.clinician",
        "pk": 21,
        "fields": {
            "name": "Joseph Mendez",
            "department": 5,
            "uuid": "482e91ff-9e85-42b4-8e40-b4ff383b8390",
            "procedure": 5
        }
    },
    {
        "model": "healthapp.clinician",
        "pk": 22,
        "fields": {
            "name": "Kristen Lucas",
            "department": 5,
            "uuid": "80f4e2f2-54d1-434d-9a10-9226bf21bb19",
            "procedure": 5
        }
    },
    {
        "model": "healthapp.clinician",
        "pk": 23,
        "fields": {
            "name": "Phyllis Cole",
            "department": 5,
            "uuid": "61b69f96-fc7b-4e82-9aa7-9e53657cac52",
            "procedure": 5
        }
    },
    {
        "model": "healthapp.clinician",
        "pk": 24,
        "fields": {
            "name": "James Romero",
            "department": 5,
            "uuid": "86e74b82-0a53-4981-b314-f6d0163d333c",
            "procedure": 5
        }
    },
    {
        "model": "healthapp.clinician",
        "pk": 25,
        "fields": {
            "name": "Samuel Johnson",
            "department": 5,
            "uuid": "279ae6d8-b953-449b-b79c-93f0a21e6e8e",
            "procedure": 5
        }
    },
    {
        "model": "healthapp.patient",
        "pk": 1,
        "fields": {
            "firstname": "Andrew",
            "lastname": "Powers",
            "email": "josephroth@example.org",
            "clinicians": [
                1
            ]
        }
    },
    {
        "model": "healthapp.patient",
        "pk": 2,
        "fields": {
            "firstname": "Deborah",
            "lastname": "Nelson",
            "email": "randall77@example.com",
            "clinicians": [
                1
            ]
        }
    },
    {
        "model": "healthapp.patient",
        "pk": 3,
        "fields": {
            "firstname": "Andre",
            "lastname": "Bentley",
            "email": "tylerbarker@example.net",
            "clinicians": [
                1
            ]
        }
    },
    {
        "model": "healthapp.patient",
        "pk": 4,
        "fields": {
            "firstname": "Michael",
            "lastname": "Gomez",
            "email": "tracyandrews@example.com",
            "clinicians": [
                1
            ]
        }
    },
    {
        "model": "healthapp.patient",
        "pk": 5,
        "fields": {
            "firstname": "Sarah",
            "lastname": "Thompson",
            "email": "stephaniedelacruz@example.com",
            "clinicians": [
                1,
                13
            ]
        }
    },
    {
        "model": "healthapp.patient",
        "pk": 6,
        "fields": {
            "firstname": "Curtis",
            "lastname": "Perez",
            "email": "angel09@example.com",
            "clinicians": [
                2,
                13
            ]
        }
    },
    {
        "model": "healthapp.patient",
        "pk": 7,
        "fields": {
            "firstname": "Kristi",
            "lastname": "Schmidt",
            "email": "ecosta@example.net",
            "clinicians": [
                2,
                13
            ]
        }
    },
    {
        "model": "healthapp.patient",
        "pk": 8,
        "fields": {
            "firstname": "Leslie",
            "lastname": "Morris",
            "email": "joseph30@example.org",
            "clinicians": [
                2
            ]
        }
    },
    {
        "model": "healthapp.patient",
        "pk": 9,
        "fields": {
            "firstname": "Shaun",
            "lastname": "Maynard",
            "email": "thomasbarnes@example.net",
            "clinicians": [
                2
            ]
        }
    },
    {
        "model": "healthapp.patient",
        "pk": 10,
        "fields": {
            "firstname": "Joshua",
            "lastname": "Murray",
            "email": "yhess@example.com",
            "clinicians": [
                2
            ]
        }
    },
    {
        "model": "healthapp.patient",
        "pk": 11,
        "fields": {
            "firstname": "Deanna",
            "lastname": "Simmons",
            "email": "katherinelewis@example.org",
            "clinicians": [
                3
            ]
        }
    },
    {
        "model": "healthapp.patient",
        "pk": 12,
        "fields": {
            "firstname": "Isaac",
            "lastname": "Owen",
            "email": "hcarroll@example.com",
            "clinicians": [
                3
            ]
        }
    },
    {
        "model": "healthapp.patient",
        "pk": 13,
        "fields": {
            "firstname": "Laura",
            "lastname": "Fritz",
            "email": "laura90@example.org",
            "clinicians": [
                3
            ]
        }
    },
    {
        "model": "healthapp.patient",
        "pk": 14,
        "fields": {
            "firstname": "Diane",
            "lastname": "Beck",
            "email": "paulroman@example.org",
            "clinicians": [
                3
            ]
        }
    },
    {
        "model": "healthapp.patient",
        "pk": 15,
        "fields": {
            "firstname": "Dean",
            "lastname": "Rivera",
            "email": "powerszachary@example.net",
            "clinicians": [
                3
            ]
        }
    },
    {
        "model": "healthapp.patient",
        "pk": 16,
        "fields": {
            "firstname": "Timothy",
            "lastname": "Hampton",
            "email": "amandaking@example.org",
            "clinicians": [
                4
            ]
        }
    },
    {
        "model": "healthapp.patient",
        "pk": 17,
        "fields": {
            "firstname": "Robert",
            "lastname": "Barton",
            "email": "courtneyperez@example.org",
            "clinicians": [
                4
            ]
        }
    },
    {
        "model": "healthapp.patient",
        "pk": 18,
        "fields": {
            "firstname": "Kelsey",
            "lastname": "Robinson",
            "email": "williamsluke@example.net",
            "clinicians": [
                4
            ]
        }
    },
    {
        "model": "healthapp.patient",
        "pk": 19,
        "fields": {
            "firstname": "William",
            "lastname": "Phillips",
            "email": "youngmaria@example.org",
            "clinicians": [
                4
            ]
        }
    },
    {
        "model": "healthapp.patient",
        "pk": 20,
        "fields": {
            "firstname": "Erika",
            "lastname": "Davis",
            "email": "natalie41@example.org",
            "clinicians": [
                4
            ]
        }
    },
    {
        "model": "healthapp.patient",
        "pk": 21,
        "fields": {
            "firstname": "Robin",
            "lastname": "Carlson",
            "email": "wintersmichael@example.org",
            "clinicians": [
                5
            ]
        }
    },
    {
        "model": "healthapp.patient",
        "pk": 22,
        "fields": {
            "firstname": "Diane",
            "lastname": "Campbell",
            "email": "wbrown@example.net",
            "clinicians": [
                5
            ]
        }
    },
    {
        "model": "healthapp.patient",
        "pk": 23,
        "fields": {
            "firstname": "Mary",
            "lastname": "Williams",
            "email": "lsnyder@example.org",
            "clinicians": [
                5
            ]
        }
    },
    {
        "model": "healthapp.patient",
        "pk": 24,
        "fields": {
            "firstname": "Kaylee",
            "lastname": "Atkinson",
            "email": "kennethbryant@example.net",
            "clinicians": [
                5
            ]
        }
    },
    {
        "model": "healthapp.patient",
        "pk": 25,
        "fields": {
            "firstname": "James",
            "lastname": "Collins",
            "email": "likristin@example.net",
            "clinicians": [
                5
            ]
        }
    },
    {
        "model": "healthapp.patient",
        "pk": 26,
        "fields": {
            "firstname": "Jamie",
            "lastname": "Smith",
            "email": "salaskelsey@example.net",
            "clinicians": [
                6
            ]
        }
    },
    {
        "model": "healthapp.patient",
        "pk": 27,
        "fields": {
            "firstname": "Stephanie",
            "lastname": "Burgess",
            "email": "fletcherkatrina@example.org",
            "clinicians": [
                6
            ]
        }
    },
    {
        "model": "healthapp.patient",
        "pk": 28,
        "fields": {
            "firstname": "Edward",
            "lastname": "Wells",
            "email": "jacobsontimothy@example.net",
            "clinicians": [
                6
            ]
        }
    },
    {
        "model": "healthapp.patient",
        "pk": 29,
        "fields": {
            "firstname": "David",
            "lastname": "Gomez",
            "email": "kimberlymccoy@example.org",
            "clinicians": [
                6
            ]
        }
    },
    {
        "model": "healthapp.patient",
        "pk": 30,
        "fields": {
            "firstname": "William",
            "lastname": "Kim",
            "email": "mcarter@example.org",
            "clinicians": [
                6
            ]
        }
    },
    {
        "model": "healthapp.patient",
        "pk": 31,
        "fields": {
            "firstname": "Heather",
            "lastname": "Scott",
            "email": "douglas48@example.com",
            "clinicians": [
                7
            ]
        }
    },
    {
        "model": "healthapp.patient",
        "pk": 32,
        "fields": {
            "firstname": "Cameron",
            "lastname": "Benjamin",
            "email": "rileysteve@example.com",
            "clinicians": [
                7
            ]
        }
    },
    {
        "model": "healthapp.patient",
        "pk": 33,
        "fields": {
            "firstname": "Emily",
            "lastname": "Rollins",
            "email": "warneranthony@example.org",
            "clinicians": [
                7
            ]
        }
    },
    {
        "model": "healthapp.patient",
        "pk": 34,
        "fields": {
            "firstname": "Samuel",
            "lastname": "Nelson",
            "email": "jenniferrobinson@example.com",
            "clinicians": [
                7
            ]
        }
    },
    {
        "model": "healthapp.patient",
        "pk": 35,
        "fields": {
            "firstname": "Daniel",
            "lastname": "Miller",
            "email": "griffithchristopher@example.net",
            "clinicians": [
                7
            ]
        }
    },
    {
        "model": "healthapp.patient",
        "pk": 36,
        "fields": {
            "firstname": "Jared",
            "lastname": "Curry",
            "email": "david08@example.net",
            "clinicians": [
                8
            ]
        }
    },
    {
        "model": "healthapp.patient",
        "pk": 37,
        "fields": {
            "firstname": "Joshua",
            "lastname": "Chen",
            "email": "allison11@example.org",
            "clinicians": [
                8
            ]
        }
    },
    {
        "model": "healthapp.patient",
        "pk": 38,
        "fields": {
            "firstname": "Emily",
            "lastname": "Salinas",
            "email": "lhansen@example.net",
            "clinicians": [
                8
            ]
        }
    },
    {
        "model": "healthapp.patient",
        "pk": 39,
        "fields": {
            "firstname": "Brent",
            "lastname": "Williams",
            "email": "casey52@example.net",
            "clinicians": [
                8
            ]
        }
    },
    {
        "model": "healthapp.patient",
        "pk": 40,
        "fields": {
            "firstname": "Timothy",
            "lastname": "Wright",
            "email": "cindybrooks@example.com",
            "clinicians": [
                8
            ]
        }
    },
    {
        "model": "healthapp.patient",
        "pk": 41,
        "fields": {
            "firstname": "Jay",
            "lastname": "Roberts",
            "email": "bobby55@example.net",
            "clinicians": [
                9
            ]
        }
    },
    {
        "model": "healthapp.patient",
        "pk": 42,
        "fields": {
            "firstname": "Sandra",
            "lastname": "Evans",
            "email": "karenortiz@example.org",
            "clinicians": [
                9
            ]
        }
    },
    {
        "model": "healthapp.patient",
        "pk": 43,
        "fields": {
            "firstname": "Elizabeth",
            "lastname": "Gates",
            "email": "ericshah@example.net",
            "clinicians": [
                9
            ]
        }
    },
    {
        "model": "healthapp.patient",
        "pk": 44,
        "fields": {
            "firstname": "Amy",
            "lastname": "Guzman",
            "email": "sean57@example.com",
            "clinicians": [
                9
            ]
        }
    },
    {
        "model": "healthapp.patient",
        "pk": 45,
        "fields": {
            "firstname": "Joshua",
            "lastname": "Casey",
            "email": "douglasmiller@example.org",
            "clinicians": [
                9
            ]
        }
    },
    {
        "model": "healthapp.patient",
        "pk": 46,
        "fields": {
            "firstname": "Amber",
            "lastname": "Perez",
            "email": "dfrank@example.com",
            "clinicians": [
                10
            ]
        }
    },
    {
        "model": "healthapp.patient",
        "pk": 47,
        "fields": {
            "firstname": "Jessica",
            "lastname": "Roberts",
            "email": "thompsonhaley@example.org",
            "clinicians": [
                10
            ]
        }
    },
    {
        "model": "healthapp.patient",
        "pk": 48,
        "fields": {
            "firstname": "Sarah",
            "lastname": "Perkins",
            "email": "rhodeseric@example.net",
            "clinicians": [
                10
            ]
        }
    },
    {
        "model": "healthapp.patient",
        "pk": 49,
        "fields": {
            "firstname": "Shawn",
            "lastname": "Gilbert",
            "email": "ryanchandler@example.com",
            "clinicians": [
                10
            ]
        }
    },
    {
        "model": "healthapp.patient",
        "pk": 50,
        "fields": {
            "firstname": "Jason",
            "lastname": "Hinton",
            "email": "justinparker@example.org",
            "clinicians": [
                10
            ]
        }
    },
    {
        "model": "healthapp.patient",
        "pk": 51,
        "fields": {
            "firstname": "Donald",
            "lastname": "Torres",
            "email": "christiansmith@example.net",
            "clinicians": [
                11
            ]
        }
    },
    {
        "model": "healthapp.patient",
        "pk": 52,
        "fields": {
            "firstname": "Theresa",
            "lastname": "Cameron",
            "email": "sean66@example.org",
            "clinicians": [
                11
            ]
        }
    },
    {
        "model": "healthapp.patient",
        "pk": 53,
        "fields": {
            "firstname": "Marvin",
            "lastname": "Mahoney",
            "email": "ashley16@example.com",
            "clinicians": [
                11
            ]
        }
    },
    {
        "model": "healthapp.patient",
        "pk": 54,
        "fields": {
            "firstname": "Sarah",
            "lastname": "Potter",
            "email": "jason96@example.com",
            "clinicians": [
                11
            ]
        }
    },
    {
        "model": "healthapp.patient",
        "pk": 55,
        "fields": {
            "firstname": "Annette",
            "lastname": "Wright",
            "email": "vaustin@example.com",
            "clinicians": [
                11
            ]
        }
    },
    {
        "model": "healthapp.patient",
        "pk": 56,
        "fields": {
            "firstname": "Eric",
            "lastname": "Stewart",
            "email": "michael99@example.net",
            "clinicians": [
                12
            ]
        }
    },
    {
        "model": "healthapp.patient",
        "pk": 57,
        "fields": {
            "firstname": "Aaron",
            "lastname": "Gibson",
            "email": "heather59@example.org",
            "clinicians": [
                12
            ]
        }
    },
    {
        "model": "healthapp.patient",
        "pk": 58,
        "fields": {
            "firstname": "David",
            "lastname": "Schmidt",
            "email": "lucas66@example.org",
            "clinicians": [
                12
            ]
        }
    },
    {
        "model": "healthapp.patient",
        "pk": 59,
        "fields": {
            "firstname": "Jason",
            "lastname": "Estrada",
            "email": "lisa90@example.org",
            "clinicians": [
                12
            ]
        }
    },
    {
        "model": "healthapp.patient",
        "pk": 60,
        "fields": {
            "firstname": "Travis",
            "lastname": "Anderson",
            "email": "brendathomas@example.com",
            "clinicians": [
                12
            ]
        }
    },
    {
        "model": "healthapp.patient",
        "pk": 61,
        "fields": {
            "firstname": "Alexander",
            "lastname": "Fields",
            "email": "gregory15@example.net",
            "clinicians": [
                13
            ]
        }
    },
    {
        "model": "healthapp.patient",
        "pk": 62,
        "fields": {
            "firstname": "Dylan",
            "lastname": "Rangel",
            "email": "paulhicks@example.org",
            "clinicians": [
                13
            ]
        }
    },
    {
        "model": "healthapp.patient",
        "pk": 63,
        "fields": {
            "firstname": "Thomas",
            "lastname": "Gould",
            "email": "richardpalmer@example.net",
            "clinicians": [
                13
            ]
        }
    },
    {
        "model": "healthapp.patient",
        "pk": 64,
        "fields": {
            "firstname": "Candace",
            "lastname": "Leon",
            "email": "lisa55@example.net",
            "clinicians": [
                13
            ]
        }
    },
    {
        "model": "healthapp.patient",
        "pk": 65,
        "fields": {
            "firstname": "Daniel",
            "lastname": "Rosario",
            "email": "michaelblackburn@example.com",
            "clinicians": [
                13
            ]
        }
    },
    {
        "model": "healthapp.patient",
        "pk": 66,
        "fields": {
            "firstname": "Betty",
            "lastname": "Clark",
            "email": "lyoung@example.com",
            "clinicians": [
                14
            ]
        }
    },
    {
        "model": "healthapp.patient",
        "pk": 67,
        "fields": {
            "firstname": "Stephanie",
            "lastname": "Underwood",
            "email": "moransara@example.net",
            "clinicians": [
                14
            ]
        }
    },
    {
        "model": "healthapp.patient",
        "pk": 68,
        "fields": {
            "firstname": "William",
            "lastname": "Mitchell",
            "email": "rachel29@example.net",
            "clinicians": [
                14
            ]
        }
    },
    {
        "model": "healthapp.patient",
        "pk": 69,
        "fields": {
            "firstname": "Jeffery",
            "lastname": "Smith",
            "email": "aliciaerickson@example.net",
            "clinicians": [
                14
            ]
        }
    },
    {
        "model": "healthapp.patient",
        "pk": 70,
        "fields": {
            "firstname": "James",
            "lastname": "Johnson",
            "email": "xjones@example.net",
            "clinicians": [
                14
            ]
        }
    },
    {
        "model": "healthapp.patient",
        "pk": 71,
        "fields": {
            "firstname": "Lisa",
            "lastname": "Washington",
            "email": "brandoncampbell@example.com",
            "clinicians": [
                15
            ]
        }
    },
    {
        "model": "healthapp.patient",
        "pk": 72,
        "fields": {
            "firstname": "Patrick",
            "lastname": "Taylor",
            "email": "brittany96@example.org",
            "clinicians": [
                15
            ]
        }
    },
    {
        "model": "healthapp.patient",
        "pk": 73,
        "fields": {
            "firstname": "Jodi",
            "lastname": "Anderson",
            "email": "wrichardson@example.net",
            "clinicians": [
                15
            ]
        }
    },
    {
        "model": "healthapp.patient",
        "pk": 74,
        "fields": {
            "firstname": "Erin",
            "lastname": "Hill",
            "email": "omar61@example.com",
            "clinicians": [
                15
            ]
        }
    },
    {
        "model": "healthapp.patient",
        "pk": 75,
        "fields": {
            "firstname": "Nicole",
            "lastname": "Rice",
            "email": "qjoseph@example.org",
            "clinicians": [
                15
            ]
        }
    },
    {
        "model": "healthapp.patient",
        "pk": 76,
        "fields": {
            "firstname": "Philip",
            "lastname": "Harris",
            "email": "bsmith@example.org",
            "clinicians": [
                16
            ]
        }
    },
    {
        "model": "healthapp.patient",
        "pk": 77,
        "fields": {
            "firstname": "Michael",
            "lastname": "Clark",
            "email": "calhounangela@example.net",
            "clinicians": [
                16
            ]
        }
    },
    {
        "model": "healthapp.patient",
        "pk": 78,
        "fields": {
            "firstname": "Krystal",
            "lastname": "Combs",
            "email": "thomas72@example.net",
            "clinicians": [
                16
            ]
        }
    },
    {
        "model": "healthapp.patient",
        "pk": 79,
        "fields": {
            "firstname": "David",
            "lastname": "Davis",
            "email": "christiandavid@example.net",
            "clinicians": [
                16
            ]
        }
    },
    {
        "model": "healthapp.patient",
        "pk": 80,
        "fields": {
            "firstname": "Michael",
            "lastname": "Morris",
            "email": "gillrebecca@example.org",
            "clinicians": [
                16
            ]
        }
    },
    {
        "model": "healthapp.patient",
        "pk": 81,
        "fields": {
            "firstname": "Troy",
            "lastname": "Gamble",
            "email": "foleyanita@example.org",
            "clinicians": [
                17
            ]
        }
    },
    {
        "model": "healthapp.patient",
        "pk": 82,
        "fields": {
            "firstname": "Alicia",
            "lastname": "Briggs",
            "email": "manningkaren@example.org",
            "clinicians": [
                17
            ]
        }
    },
    {
        "model": "healthapp.patient",
        "pk": 83,
        "fields": {
            "firstname": "Michelle",
            "lastname": "Carr",
            "email": "hschaefer@example.org",
            "clinicians": [
                17
            ]
        }
    },
    {
        "model": "healthapp.patient",
        "pk": 84,
        "fields": {
            "firstname": "Cynthia",
            "lastname": "Rose",
            "email": "vrios@example.net",
            "clinicians": [
                17
            ]
        }
    },
    {
        "model": "healthapp.patient",
        "pk": 85,
        "fields": {
            "firstname": "Erin",
            "lastname": "Smith",
            "email": "heather05@example.org",
            "clinicians": [
                17
            ]
        }
    },
    {
        "model": "healthapp.patient",
        "pk": 86,
        "fields": {
            "firstname": "Michael",
            "lastname": "Johnson",
            "email": "eric62@example.org",
            "clinicians": [
                18
            ]
        }
    },
    {
        "model": "healthapp.patient",
        "pk": 87,
        "fields": {
            "firstname": "Victoria",
            "lastname": "Holloway",
            "email": "cheryl41@example.com",
            "clinicians": [
                18
            ]
        }
    },
    {
        "model": "healthapp.patient",
        "pk": 88,
        "fields": {
            "firstname": "Benjamin",
            "lastname": "Franklin",
            "email": "isaac71@example.net",
            "clinicians": [
                18
            ]
        }
    },
    {
        "model": "healthapp.patient",
        "pk": 89,
        "fields": {
            "firstname": "Heather",
            "lastname": "Smith",
            "email": "rodgerslisa@example.net",
            "clinicians": [
                18
            ]
        }
    },
    {
        "model": "healthapp.patient",
        "pk": 90,
        "fields": {
            "firstname": "Eric",
            "lastname": "Chambers",
            "email": "scottsara@example.org",
            "clinicians": [
                18
            ]
        }
    },
    {
        "model": "healthapp.patient",
        "pk": 91,
        "fields": {
            "firstname": "Jennifer",
            "lastname": "Jones",
            "email": "danieljohnson@example.org",
            "clinicians": [
                19
            ]
        }
    },
    {
        "model": "healthapp.patient",
        "pk": 92,
        "fields": {
            "firstname": "Timothy",
            "lastname": "Bolton",
            "email": "xkim@example.org",
            "clinicians": [
                19
            ]
        }
    },
    {
        "model": "healthapp.patient",
        "pk": 93,
        "fields": {
            "firstname": "Sergio",
            "lastname": "Garcia",
            "email": "ashleywhite@example.net",
            "clinicians": [
                19
            ]
        }
    },
    {
        "model": "healthapp.patient",
        "pk": 94,
        "fields": {
            "firstname": "Brian",
            "lastname": "Williams",
            "email": "cassandra76@example.net",
            "clinicians": [
                19
            ]
        }
    },
    {
        "model": "healthapp.patient",
        "pk": 95,
        "fields": {
            "firstname": "Shawn",
            "lastname": "Barrett",
            "email": "woodtracy@example.org",
            "clinicians": [
                19
            ]
        }
    },
    {
        "model": "healthapp.patient",
        "pk": 96,
        "fields": {
            "firstname": "Linda",
            "lastname": "Walsh",
            "email": "marygeorge@example.com",
            "clinicians": [
                20
            ]
        }
    },
    {
        "model": "healthapp.patient",
        "pk": 97,
        "fields": {
            "firstname": "Eric",
            "lastname": "Cantu",
            "email": "mariaburton@example.net",
            "clinicians": [
                20
            ]
        }
    },
    {
        "model": "healthapp.patient",
        "pk": 98,
        "fields": {
            "firstname": "Christine",
            "lastname": "Frazier",
            "email": "averysamantha@example.com",
            "clinicians": [
                20
            ]
        }
    },
    {
        "model": "healthapp.patient",
        "pk": 99,
        "fields": {
            "firstname": "Eric",
            "lastname": "Downs",
            "email": "mowens@example.net",
            "clinicians": [
                20
            ]
        }
    },
    {
        "model": "healthapp.patient",
        "pk": 100,
        "fields": {
            "firstname": "Mark",
            "lastname": "Davis",
            "email": "dianerobbins@example.org",
            "clinicians": [
                20
            ]
        }
    },
    {
        "model": "healthapp.patient",
        "pk": 101,
        "fields": {
            "firstname": "Eric",
            "lastname": "Wheeler",
            "email": "opowell@example.org",
            "clinicians": [
                21
            ]
        }
    },
    {
        "model": "healthapp.patient",
        "pk": 102,
        "fields": {
            "firstname": "Susan",
            "lastname": "Everett",
            "email": "davischarles@example.org",
            "clinicians": [
                21
            ]
        }
    },
    {
        "model": "healthapp.patient",
        "pk": 103,
        "fields": {
            "firstname": "Kenneth",
            "lastname": "Howell",
            "email": "pperez@example.com",
            "clinicians": [
                21
            ]
        }
    },
    {
        "model": "healthapp.patient",
        "pk": 104,
        "fields": {
            "firstname": "Jose",
            "lastname": "Berry",
            "email": "mdavenport@example.org",
            "clinicians": [
                21
            ]
        }
    },
    {
        "model": "healthapp.patient",
        "pk": 105,
        "fields": {
            "firstname": "Shannon",
            "lastname": "Irwin",
            "email": "wortiz@example.org",
            "clinicians": [
                21
            ]
        }
    },
    {
        "model": "healthapp.patient",
        "pk": 106,
        "fields": {
            "firstname": "Adrienne",
            "lastname": "Perry",
            "email": "baldwindavid@example.org",
            "clinicians": [
                22
            ]
        }
    },
    {
        "model": "healthapp.patient",
        "pk": 107,
        "fields": {
            "firstname": "Harry",
            "lastname": "Gonzales",
            "email": "kevincarr@example.org",
            "clinicians": [
                22
            ]
        }
    },
    {
        "model": "healthapp.patient",
        "pk": 108,
        "fields": {
            "firstname": "Douglas",
            "lastname": "Morales",
            "email": "josephevans@example.org",
            "clinicians": [
                22
            ]
        }
    },
    {
        "model": "healthapp.patient",
        "pk": 109,
        "fields": {
            "firstname": "Henry",
            "lastname": "Santana",
            "email": "littlemary@example.org",
            "clinicians": [
                22
            ]
        }
    },
    {
        "model": "healthapp.patient",
        "pk": 110,
        "fields": {
            "firstname": "Michelle",
            "lastname": "Dorsey",
            "email": "vargaswilliam@example.com",
            "clinicians": [
                22
            ]
        }
    },
    {
        "model": "healthapp.patient",
        "pk": 111,
        "fields": {
            "firstname": "Shelby",
            "lastname": "Gomez",
            "email": "joshua28@example.org",
            "clinicians": [
                23
            ]
        }
    },
    {
        "model": "healthapp.patient",
        "pk": 112,
        "fields": {
            "firstname": "Alexander",
            "lastname": "Garcia",
            "email": "darrellwalters@example.com",
            "clinicians": [
                23
            ]
        }
    },
    {
        "model": "healthapp.patient",
        "pk": 113,
        "fields": {
            "firstname": "Laura",
            "lastname": "Foster",
            "email": "udawson@example.com",
            "clinicians": [
                23
            ]
        }
    },
    {
        "model": "healthapp.patient",
        "pk": 114,
        "fields": {
            "firstname": "Rhonda",
            "lastname": "Barnes",
            "email": "lberry@example.org",
            "clinicians": [
                23
            ]
        }
    },
    {
        "model": "healthapp.patient",
        "pk": 115,
        "fields": {
            "firstname": "Jeff",
            "lastname": "Morrow",
            "email": "denise27@example.org",
            "clinicians": [
                23
            ]
        }
    },
    {
        "model": "healthapp.patient",
        "pk": 116,
        "fields": {
            "firstname": "Terri",
            "lastname": "Duran",
            "email": "chadhopkins@example.org",
            "clinicians": [
                24
            ]
        }
    },
    {
        "model": "healthapp.patient",
        "pk": 117,
        "fields": {
            "firstname": "Shannon",
            "lastname": "Sandoval",
            "email": "richardbrown@example.net",
            "clinicians": [
                24
            ]
        }
    },
    {
        "model": "healthapp.patient",
        "pk": 118,
        "fields": {
            "firstname": "Michelle",
            "lastname": "Booth",
            "email": "jessicacarter@example.com",
            "clinicians": [
                24
            ]
        }
    },
    {
        "model": "healthapp.patient",
        "pk": 119,
        "fields": {
            "firstname": "Samuel",
            "lastname": "Booker",
            "email": "coreyross@example.org",
            "clinicians": [
                24
            ]
        }
    },
    {
        "model": "healthapp.patient",
        "pk": 120,
        "fields": {
            "firstname": "Joshua",
            "lastname": "Campos",
            "email": "shannon29@example.net",
            "clinicians": [
                24
            ]
        }
    },
    {
        "model": "healthapp.patient",
        "pk": 121,
        "fields": {
            "firstname": "Carlos",
            "lastname": "Robinson",
            "email": "apriljones@example.com",
            "clinicians": [
                25
            ]
        }
    },
    {
        "model": "healthapp.patient",
        "pk": 122,
        "fields": {
            "firstname": "Adam",
            "lastname": "Haynes",
            "email": "ebarker@example.com",
            "clinicians": [
                25
            ]
        }
    },
    {
        "model": "healthapp.patient",
        "pk": 123,
        "fields": {
            "firstname": "Timothy",
            "lastname": "Miller",
            "email": "knightkristina@example.net",
            "clinicians": [
                25
            ]
        }
    },
    {
        "model": "healthapp.patient",
        "pk": 124,
        "fields": {
            "firstname": "Jessica",
            "lastname": "Harris",
            "email": "justin64@example.net",
            "clinicians": [
                25
            ]
        }
    },
    {
        "model": "healthapp.patient",
        "pk": 125,
        "fields": {
            "firstname": "Laura",
            "lastname": "Estes",
            "email": "millerkimberly@example.net",
            "clinicians": [
                25
            ]
        }
    }
]